ClothStudentOutfit3White,Shirt
ClothStudentOutfit3Color,Trim
ClothBabydollDress1Dress,Dress
ClothBabydollDress1Trim,Trim
ClothAdultBabyDress1Dress,Dress
ClothAdultBabyDress1Sash,Sash
ClothAdultBabyDress1Trim,Trim
ClothDressFurFabric,Dress
ClothDressFurFur,Fur
ClothCorsetShirtShirt,Shirt
ClothCorsetShirtCorset,Corset
ClothChineseDress2Dress,Main
ClothChineseDress2Edges,Trim
ClothCollegeOutfit1Shirt,Shirt
ClothCollegeOutfit1Tie,Tie
ClothCollegeOutfit1Skirt,Skirt
ClothAccessoryBouquetBase,Holder
ClothAccessoryBouquetFlowers,Flowers
ClothAccessoryCapeFront,Front
ClothAccessoryCapeBack,Back
NecklaceNecklaceLockChain,Chain
NecklaceNecklaceLockLock,Lock
NecklaceNecklaceKeyChain,Chain
NecklaceNecklaceKeyKey,Key
NecklaceIDCardString,Lanyard
NecklaceIDCardCard,Card
NecklaceElegantHeartNecklaceNecklace,Necklace
NecklaceElegantHeartNecklaceJewels,Jewels
SuitCatsuitBase,Suit
SuitCatsuitZip,Zip
SuitSeethroughSuitZipBase,Suit
SuitSeethroughSuitZipZip,Zip
ClothLowerSkirt2Color,Skirt
ClothLowerSkirt2Stripe,Trim
ClothLowerSkirt3Color,Skirt
ClothLowerSkirt3Stripe,Trim
ClothLowerLeggings1Cloth,Cloth
ClothLowerLeggings1Stripe,Stripe
ClothLowerLeggings2Cloth,Cloth
ClothLowerLeggings2Stripe,Stripe
SuitLowerCatsuitBase,Suit
SuitLowerCatsuitZip,Zip
SuitLowerSeethroughSuitZipBase,Suit
SuitLowerSeethroughSuitZipZip,Zip
PantiesDiapers2Diaper,Diaper
PantiesDiapers2Cover,Plastic Cover
SocksSocks6Sock,Sock
SocksSocks6Frill,Trim
SocksSocksFurFabric,Sock
SocksSocksFurFur,Fur
SocksSocksStriped1Light,Light Stripes
SocksSocksStriped1Dark,Dark Stripes
HatSanta1Fabric,Hat
HatSanta1Fur,Fur
HatBonnet1Base,Bonnet
HatBonnet1Lace,Lace
HatPirateBandana1Bandana,Bandana
HatPirateBandana1Skull,Skull
HatPirateBandana1Dots,Dots
HatCrown2Crown,Crown
HatCrown2Jewels,Jewels
HatCrown3Crown,Crown
HatCrown3Jewels,Jewels
HatPoliceWomanHatBadge,Badge
HatPoliceWomanHatHat,Hat
HatCaptainHat1Top,Top
HatCaptainHat1Insignia,Insignia
HatCaptainHat1Rope,Rope
HatCaptainHat1Brim,Brim
HairAccessory1KittenEars1Outer,Outer Ear
HairAccessory1KittenEars1Inner,Inner Ear
HairAccessory1FoxEars2Inner,Inner Ear
HairAccessory1FoxEars2Outer,Outer Ear
HairAccessory1FoxEars3EarOuter,Outer Ear
HairAccessory1FoxEars3EarInner,Inner Ear
HairAccessory1FoxEars3Strap,Strap
HairAccessory1FoxEars3Bell,Bell
HairAccessory1BunnyEars2Outer,Outer
HairAccessory1BunnyEars2Inner,Inner
HairAccessory1HaloGlow,Glow
HairAccessory1HaloBase,Body
HairAccessory1HaloCore,Core
HairAccessory2KittenEars1Outer,Outer Ear
HairAccessory2KittenEars1Inner,Inner Ear
HairAccessory2FoxEars2Inner,Inner Ear
HairAccessory2FoxEars2Outer,Outer Ear
HairAccessory2FoxEars3EarOuter,Outer Ear
HairAccessory2FoxEars3EarInner,Inner Ear
HairAccessory2FoxEars3Strap,Strap
HairAccessory2FoxEars3Bell,Bell
HairAccessory2BunnyEars2Outer,Outer
HairAccessory2BunnyEars2Inner,Inner
HairAccessory3HaloGlow,Glow
HairAccessory3HaloBase,Body
HairAccessory3HaloCore,Core
GlovesGlovesFurFabric,Glove
GlovesGlovesFurFur,Fur
TailStrapsTailStrapTail,Tail
TailStrapsTailStrapRibbon,Ribbon
TailStrapsTailStrapBell,Bell
TailStrapsFoxTailsStrapBases,Tails
TailStrapsFoxTailsStrapTips,Tips
TailStrapsSuccubusHeartTailStrapTail,Tail
TailStrapsSuccubusHeartTailStrapHeart,Heart
TailStrapsFoxTailStrap1Base,Tail
TailStrapsFoxTailStrap1Tip,Tip
TailStrapsFoxTailStrap2Base,Tail
TailStrapsFoxTailStrap2Tip,Tip
ItemFeetOrnateAnkleCuffsCuffs,Cuffs
ItemFeetOrnateAnkleCuffsGems,Gems
ItemLegsOrnateLegCuffsCuffs,Cuffs
ItemFeetFloorShacklesChain,Chain
ItemFeetFloorShacklesCuffs,Cuffs
ItemFeetFuturisticAnkleCuffsCuffs,Cuffs
ItemFeetFuturisticAnkleCuffsDisplay,Display
ItemFeetFuturisticAnkleCuffsLock,Lock
ItemFeetMedicalBedRestraintsBase,Bed Straps
ItemFeetMedicalBedRestraintsStraps,Cuffs
ItemLegsFuturisticLegCuffsCuffs,Cuffs
ItemLegsFuturisticLegCuffsDisplay,Display
ItemLegsFuturisticLegCuffsLock,Lock
ItemLegsOrnateLegCuffsGems,Gems
ItemLegsLegBinderLatex,Binder
ItemLegsLegBinderBelts,Belts
ItemLegsHobbleSkirtLatex,Skirt
ItemLegsHobbleSkirtBelts,Belts
ItemLegsWoodenHorseFrame,Frame
ItemLegsWoodenHorseWood,Wood
ItemLegsMedicalBedRestraintsBase,Bed Straps
ItemLegsMedicalBedRestraintsStraps,Cuffs
ItemVulvaWandBeltBelt,Belt
ItemVulvaWandBeltWand,Wand
ItemVulvaHempRopeBeltRope,Rope
ItemVulvaHempRopeBeltWand,Wand
ItemVulvaWiredEggRemote,Remote
ItemVulvaWiredEggStrap,Strap
ItemVulvaVibratingDildoDildo,Dildo
ItemVulvaVibratingDildoEnd,End
ItemVulvaFuturisticVibratorBand,Body
ItemVulvaFuturisticVibratorDisplay,Display
ItemVulvaFuturisticVibratorLock,Lock
ItemVulvaPiercingsVibeHeartClitPiercingHeart,Heart
ItemVulvaPiercingsVibeHeartClitPiercingRing,Ring
ItemButtFoxTail1Base,Tail
ItemButtFoxTail1Tip,Tip
ItemButtFoxTail2Base,Tail
ItemButtFoxTail2Tip,Tip
ItemButtSuccubusHeartButtPlugTail,Tail
ItemButtSuccubusHeartButtPlugHeart,Heart
ItemButtTailButtPlugTail,Tail
ItemButtTailButtPlugRibbon,Ribbon
ItemButtTailButtPlugBell,Bell
ItemButtFoxTailsBases,Tails
ItemButtFoxTailsTips,Tips
ItemPelvisOrnateChastityBeltBelt,Belt
ItemPelvisOrnateChastityBeltGems,Gems
ItemNipplesTapedVibeEggsEgg1,Left Vibe Egg
ItemNipplesTapedVibeEggsEgg2,Right Vibe Egg
ItemNipplesTapedVibeEggsTape1,Left Tape Strip
ItemNipplesTapedVibeEggsTape2,Right Tape Strip
ItemNipplesPiercingsVibeHeartPiercingsHeart,Heart
ItemNipplesPiercingsVibeHeartPiercingsRing,Ring
ItemBreastOrnateChastityBraBra,Bra
ItemBreastOrnateChastityBraGems,Gems
ItemArmsOrnateCuffsCuffs,Cuffs
ItemArmsOrnateCuffsGems,Gems
ItemArmsStraitLeotardLower,Lower Half
ItemArmsStraitLeotardGloves,Gloves
ItemArmsStraitLeotardUpper,Upper Half
ItemArmsBoleroLeather,Jacket
ItemArmsBoleroBelts,Straps
ItemArmsStraitDressLatex,Dress
ItemArmsStraitDressBelts,Straps
ItemArmsStraitDressOpenLatex,Dress
ItemArmsStraitDressOpenBelts,Straps
ItemArmsFullLatexSuitLatex,Suit
ItemArmsFullLatexSuitBase,Straps
ItemArmsBondageBouquetBase,Holder
ItemArmsBondageBouquetFlowers,Flowers
ItemArmsLatexArmbinderLatex,Binder
ItemArmsLatexArmbinderLaces,Laces
ItemArmsLatexArmbinderStrap1,Strap
ItemArmsLatexArmbinderBuckle1,Buckle
ItemArmsLatexArmbinderHole1,Buckle Hole
ItemArmsLatexArmbinderStrap2,Strap
ItemArmsLatexArmbinderBuckle2,Buckle
ItemArmsLatexArmbinderHole2,Buckle Hole
ItemArmsPrisonLockdownSuitSuit,Suit
ItemArmsPrisonLockdownSuitBelts,Straps
ItemArmsHighSecurityStraitJacketCrotch,Crotch Panel
ItemArmsHighSecurityStraitJacketJacketLoose,Jacket
ItemArmsHighSecurityStraitJacketStrapsLoose,Jacket
ItemArmsHighSecurityStraitJacketCrotchStrapsSingle,Crotch
ItemArmsYokeStraps,Straps
ItemArmsYokeBars,Bars
ItemArmsWristShacklesCuffs,Cuffs
ItemArmsWristShacklesChain,Chain
ItemArmsPilloryWood,Wood
ItemArmsPilloryMetal,Metal
ItemArmsLeatherArmbinderBinder,Binder
ItemArmsLeatherArmbinderStrap,Straps
ItemArmsArmbinderJacketJacket,Jacket
ItemArmsArmbinderJacketStraps,Straps
ItemArmsArmbinderJacketRings,Buckles
ItemArmsHempRope,Ropes
ItemArmsHempRopeSuspension,Suspension Rope
ItemArmsChains,Chains
ItemArmsChainsSuspension,Suspension Chain
ItemArmsFuturisticArmbinderDisplay,Display
ItemArmsFuturisticArmbinderBinder,Binder
ItemArmsFuturisticArmbinderBand,Band
ItemArmsFuturisticArmbinderStraps,Straps
ItemArmsFuturisticArmbinderLock,Lock
ItemArmsFuturisticStraitjacketBand,Band
ItemArmsFuturisticStraitjacketDisplay,Display
ItemArmsFuturisticStraitjacketMesh,Mesh
ItemArmsFuturisticStraitjacketLower,Material
ItemArmsFuturisticStraitjacketSides,Sides
ItemArmsFuturisticStraitjacketLock,Lock
ItemArmsMedicalBedRestraintsBase,Bed Straps
ItemArmsMedicalBedRestraintsStraps,Cuffs
ItemArmsCeilingShacklesChain,Chain
ItemArmsCeilingShacklesCuffs,Cuffs
ItemArmsFuturisticCuffsCuffs,Cuffs
ItemArmsFuturisticCuffsLock,Lock
ItemArmsFuturisticCuffsDisplay,Display
ItemArmsTransportJacketShorts,Shorts
ItemArmsTransportJacketJacket,Jacket
ItemArmsTransportJacketText,Text
ItemArmsTransportJacketStripes,Jacket
ItemArmsTransportJacketStripesLegs,Shorts
ItemArmsTransportJacketStraps,Straps
ItemHandsFuturisticMittensBody,Body
ItemHandsFuturisticMittensMesh,Mesh
ItemHandsFuturisticMittensDisplay,Display
ItemHandsFuturisticMittensLock,Lock
ItemNeckHighCollarLeather,Leather
ItemNeckHighCollarRings,Rings
ItemNeckPostureCollarCollar,Collar
ItemNeckPostureCollarRing1,Middle Ring
ItemNeckPostureCollarRing2,Left Ring
ItemNeckPostureCollarRing3,Right Ring
ItemNeckLeatherCollarCollar,Collar
ItemNeckLeatherCollarRing,Ring
ItemNeckLeatherChokerLeather,Leather
ItemNeckLeatherChokerMetal,Metal
ItemNeckFuturisticCollarBand,Band
ItemNeckFuturisticCollarMesh,Mesh (for copying to items)
ItemNeckFuturisticCollarDisplay,Display
ItemNeckFuturisticCollarLock,Lock
ItemNeckOrnateCollarCollar,Collar
ItemNeckOrnateCollarGem,Gems
ItemNeckAccessoriesCustomCollarTagTag,Tag
ItemNeckAccessoriesCustomCollarTagText,Text
ItemNeckAccessoriesElectronicTagTag,Tag
ItemNeckAccessoriesElectronicTagDisplay,Display
ItemNeckAccessoriesElectronicTagText,Text
ItemMiscWoodenSignSign,Sign
ItemMiscWoodenSignRope,Rope
ItemMiscWoodenSignText,Text
ItemMiscWoodenSignRope,Rope
ItemMiscWoodenSignText,Text
ItemDevicesBedPillow,Pillow
ItemDevicesBedMattress,Mattress
ItemDevicesBedHeadboard,Headboard
ItemDevicesBedBedFrame,Frame
ItemDevicesBondageBenchBench,Bench
ItemDevicesBondageBenchStraps,Straps
ItemDevicesCoffinInside,Velvet
ItemDevicesCoffinFrame,Frame
ItemDevicesCoffinOpen,Lid (open)
ItemDevicesCoffinClosed,Lid (closed)
ItemDevicesCryoCapsuleInside,Bottom
ItemDevicesCryoCapsuleFrame,Frame
ItemDevicesCryoCapsuleOpen,Lid (open)
ItemDevicesCryoCapsuleClosed,Lid (closed)
ItemDevicesCageFrame,Frame
ItemDevicesCageMesh,Mesh
ItemDevicesCageTint,Tint
ItemDevicesX-CrossCross,Frame
ItemDevicesX-CrossPadding,Padding
ItemDevicesChangingTableFrame,Frame
ItemDevicesChangingTableTable,Tabletop
ItemDevicesCribFrame,Frame
ItemDevicesCribMattress,Mattress
ItemDevicesCribPillow,Pillow
ItemDevicesCribPillowTrim,Pillow Trim
ItemDevicesCribPlushies,Plushies
ItemDevicesConcealingCloakFront,Cloak
ItemDevicesConcealingCloakStrap,Straps
ItemDevicesTransportWoodenBoxBack,Wood
ItemDevicesTransportWoodenBoxWheelholders,Wheel Holders
ItemDevicesTransportWoodenBoxWheels,Wheels
ItemDevicesTransportWoodenBoxText,Text
ItemDevicesWoodenBoxBack,Wood
ItemDevicesWoodenBoxText,Text
ItemDevicesPetBowlBowl,Bowl
ItemDevicesPetBowlText,Text
ItemAddonCoversOuter,Outer
ItemAddonCoversInner,Inner
ItemNoseNoseHookBand,Strap
ItemNoseNoseHookHook,Hook
ItemHoodPumpkinHeadFront,Front
ItemHoodPumpkinHeadBack,Back
ItemHoodLatexHoodOpenHairHair,Hair
ItemHoodLatexHoodOpenHairHood,Hood
ItemHoodLeatherHoodHood,Hood
ItemHoodLeatherHoodCollar,Collar
ItemHoodLeatherHoodSnaps,Snaps
ItemHoodAddonOldGasMaskLensesTube1Lenses,Lenses
ItemHoodAddonOldGasMaskLensesTube1Tube1,Tube
ItemHoodAddonOldGasMaskLensesTube2Lenses,Lenses
ItemHoodAddonOldGasMaskLensesTube2Tube2,Tube
ItemHoodAddonOldGasMaskLensesRebreatherLenses,Lenses
ItemHoodAddonOldGasMaskLensesRebreatherRebreather,Lenses
ItemHoodKirugumiMaskMask,Face
ItemHoodKirugumiMaskEyes1,Eyes
ItemHoodKirugumiMaskMouth1,Mouth
ItemHoodKirugumiMaskBlush1,Blush
ItemHoodGP9GasMaskMouth,Mouthpiece
ItemHoodGP9GasMaskLens,Lens
ItemHoodGP9GasMaskMask,Mask
ItemHoodGP9GasMaskEdges,Edges
ItemHoodCanvasHoodHood,Canvas
ItemHoodCanvasHoodText,Text
ItemBootsLockingBoots1Boots,Boots
ItemBootsLockingBoots1Straps,Straps
ItemBootsFuturisticHeelsShoes,Body
ItemBootsFuturisticHeelsDisplay,Display
ItemBootsFuturisticHeelsLock,Lock
ItemBootsLeatherFootMitts1Mitts,Mittens
ItemBootsLeatherFootMitts1Straps,Straps
ShoesBoots1Shoes,Inner
ShoesBoots1Sides,Outer
ShoesBoots1Laces,Laces
ShoesSandalsRSTop,Top
ShoesSandalsRSSoles,Soles
ShoesFlippersShoes,Shoes
ShoesFlippersFins,Fins
ShoesDeluxeBootsBoots,Outer
ShoesDeluxeBootsLaces,Inner & Laces
ShoesDeluxeBootsHeels,Heels
ShoesDeluxeBootsStraps,Straps
ShoesDeluxeBootsBuckles,Buckles
ItemMouthWiffleGagStrap,Strap
ItemMouthWiffleGagBall,Ball
ItemMouthHarnessBallGagBall,Ball
ItemMouthHarnessBallGagHarness,Harness
ItemMouthHarnessPonyBitsMetal, Metal
ItemMouthHarnessPonyBitsStraps, Straps
ItemMouthHarnessPonyBitsBobble, Bobble
ItemMouthCupholderGagGag,Gag
ItemMouthCupholderGagHolder,Holder
ItemMouthCupholderGagCup,Cup
ItemMouthDildoGagStrap,Strap
ItemMouthDildoGagDildo,Dildo
ItemMouthBambooGagRod,Rod
ItemMouthBambooGagRope,Rope
ItemMouthHarnessBallGag1Ball,Ball
ItemMouthHarnessBallGag1Strap,Strap
ItemMouthBallGagBall,Ball
ItemMouthBallGagStrap,Strap
ItemMouthBallGagMaskStrap,Strap
ItemMouthBallGagMaskBall,Ball
ItemMouthMedicalMaskInner,Inner
ItemMouthMedicalMaskOuter,Outer
ItemMouthPrisonLockdownGagMask,Mask
ItemMouthPrisonLockdownGagStraps,Straps
ItemMouthCarrotGagCarrot,Carrot
ItemMouthCarrotGagStraps,Straps
ItemMouthPumpkinGagPumpkin,Pumpkin
ItemMouthPumpkinGagStraps,Straps
ItemMouthPumpkinGagRings,Rings
ItemMouthFoxyHarnessPanelGagPanel,Panel
ItemMouthFoxyHarnessPanelGagStraps,Straps
ItemMouthBitGagBit,Bit
ItemMouthBitGagStraps,Straps
ItemMouthBoneGagBone,Bone
ItemMouthBoneGagStraps,Straps
ItemMouthXLBoneGagBone,Bone
ItemMouthXLBoneGagStraps,Straps
ItemMouthHarnessPacifierGagHarness,Harness Straps
ItemMouthHarnessPacifierGagMetal,Metal Parts
ItemMouthHarnessPacifierGagPacifierOuter,Pacifier
ItemMouthHarnessPacifierGagPacifierInner,Pacifier Ring
ItemMouthDusterGagDuster,Duster
ItemMouthDusterGagPanel,Panel
ItemMouthPantiesMaskDarkStripes,Dark Stripes
ItemMouthPantiesMaskLightStripes,Light Stripes
ItemMouthShoeGagShoe,Shoe
ItemMouthShoeGagStrap,Strap
ItemMouthHarnessPanelGagPanel,Panel
ItemMouthHarnessPanelGagStraps,Straps
ItemMouthHarnessPanelGagMetal,Metal
ItemMouthLipGagLips,Lips
ItemMouthLipGagStraps,Straps
ItemMouthLipGagRings,Rings
ItemMouthMuzzleGagMuzzle,Muzzle
ItemMouthMuzzleGagStraps,Straps
ItemMouthFuturisticPanelGagMask,Muzzle
ItemMouthFuturisticPanelGagBall,Display
ItemMouthFuturisticPanelGagLight,Light
ItemMouthFuturisticPanelGagLock,Lock
ItemMouthFuturisticHarnessPanelGagStraps,Straps
ItemMouthFuturisticHarnessPanelGagMask,Muzzle
ItemMouthFuturisticHarnessPanelGagBall,Display
ItemMouthFuturisticHarnessPanelGagLock,Lock
ItemMouthFuturisticHarnessPanelGagLight,Light
ItemMouthFuturisticHarnessBallGagStraps,Straps
ItemMouthFuturisticHarnessBallGagMask,Ball
ItemMouthFuturisticHarnessBallGagBall,Display
ItemMouthFuturisticHarnessBallGagLight,Light
ItemMouthFuturisticHarnessBallGagLock,Lock
ItemMouthGasMaskGagMask,Mask
ItemMouthGasMaskGagSides,Sides
ItemMouthGasMaskGagHighlights,Highlights
ItemMouth2WiffleGagStrap,Strap
ItemMouth2WiffleGagBall,Ball
ItemMouth2HarnessBallGagBall,Ball
ItemMouth2HarnessBallGagHarness,Harness
ItemMouth2HarnessPonyBitsMetal, Metal
ItemMouth2HarnessPonyBitsStraps, Straps
ItemMouth2HarnessPonyBitsBobble, Bobble
ItemMouth2CupholderGagGag,Gag
ItemMouth2CupholderGagHolder,Holder
ItemMouth2CupholderGagCup,Cup
ItemMouth2DildoGagStrap,Strap
ItemMouth2DildoGagDildo,Dildo
ItemMouth2HarnessBallGag1Ball,Ball
ItemMouth2HarnessBallGag1Strap,Strap
ItemMouth2BallGagBall,Ball
ItemMouth2BallGagStrap,Strap
ItemMouth2BallGagMaskStrap,Strap
ItemMouth2BallGagMaskBall,Ball
ItemMouth2MedicalMaskInner,Inner
ItemMouth2MedicalMaskOuter,Outer
ItemMouth2PrisonLockdownGagMask,Mask
ItemMouth2PrisonLockdownGagStraps,Straps
ItemMouth2CarrotGagCarrot,Carrot
ItemMouth2CarrotGagStraps,Straps
ItemMouth2PumpkinGagPumpkin,Pumpkin
ItemMouth2PumpkinGagStraps,Straps
ItemMouth2PumpkinGagRings,Rings
ItemMouth2BitGagBit,Bit
ItemMouth2BitGagStraps,Straps
ItemMouth2BoneGagBone,Bone
ItemMouth2BoneGagStraps,Straps
ItemMouth2XLBoneGagBone,Bone
ItemMouth2XLBoneGagStraps,Straps
ItemMouth2HarnessPacifierGagHarness,Harness Straps
ItemMouth2HarnessPacifierGagMetal,Metal Parts
ItemMouth2HarnessPacifierGagPacifierOuter,Pacifier
ItemMouth2HarnessPacifierGagPacifierInner,Pacifier Ring
ItemMouth2DusterGagDuster,Duster
ItemMouth2DusterGagPanel,Panel
ItemMouth2PantiesMaskDarkStripes,Dark Stripes
ItemMouth2PantiesMaskLightStripes,Light Stripes
ItemMouth2ShoeGagShoe,Shoe
ItemMouth2ShoeGagStrap,Strap
ItemMouth2HarnessPanelGagPanel,Panel
ItemMouth2HarnessPanelGagStraps,Straps
ItemMouth2HarnessPanelGagMetal,Metal
ItemMouth2LipGagLips,Lips
ItemMouth2LipGagStraps,Straps
ItemMouth2LipGagRings,Rings
ItemMouth2MuzzleGagMuzzle,Muzzle
ItemMouth2MuzzleGagStraps,Straps
ItemMouth2GasMaskGagMask,Mask
ItemMouth2GasMaskGagSides,Sides
ItemMouth2GasMaskGagHighlights,Highlights
ItemMouth3WiffleGagStrap,Strap
ItemMouth3WiffleGagBall,Ball
ItemMouth3HarnessBallGagBall,Ball
ItemMouth3HarnessBallGagHarness,Harness
ItemMouth3CupholderGagGag,Gag
ItemMouth3CupholderGagHolder,Holder
ItemMouth3CupholderGagCup,Cup
ItemMouth3DildoGagStrap,Strap
ItemMouth3DildoGagDildo,Dildo
ItemMouth3HarnessBallGag1Ball,Ball
ItemMouth3HarnessBallGag1Strap,Strap
ItemMouth3HarnessPonyBitsMetal, Metal
ItemMouth3HarnessPonyBitsStraps, Straps
ItemMouth3HarnessPonyBitsBobble, Bobble
ItemMouth3BallGagBall,Ball
ItemMouth3BallGagStrap,Strap
ItemMouth3BallGagMaskStrap,Strap
ItemMouth3BallGagMaskBall,Ball
ItemMouth3MedicalMaskInner,Inner
ItemMouth3MedicalMaskOuter,Outer
ItemMouth3PrisonLockdownGagMask,Mask
ItemMouth3PrisonLockdownGagStraps,Straps
ItemMouth3CarrotGagCarrot,Carrot
ItemMouth3CarrotGagStraps,Straps
ItemMouth3PumpkinGagPumpkin,Pumpkin
ItemMouth3PumpkinGagStraps,Straps
ItemMouth3PumpkinGagRings,Rings
ItemMouth3BitGagBit,Bit
ItemMouth3BitGagStraps,Straps
ItemMouth3BoneGagBone,Bone
ItemMouth3BoneGagStraps,Straps
ItemMouth3XLBoneGagBone,Bone
ItemMouth3XLBoneGagStraps,Straps
ItemMouth3HarnessPacifierGagHarness,Harness Straps
ItemMouth3HarnessPacifierGagMetal,Metal Parts
ItemMouth3HarnessPacifierGagPacifierOuter,Pacifier
ItemMouth3HarnessPacifierGagPacifierInner,Pacifier Ring
ItemMouth3DusterGagDuster,Duster
ItemMouth3DusterGagPanel,Panel
ItemMouth3PantiesMaskDarkStripes,Dark Stripes
ItemMouth3PantiesMaskLightStripes,Light Stripes
ItemMouth3ShoeGagShoe,Shoe
ItemMouth3ShoeGagStrap,Strap
ItemMouth3HarnessPanelGagPanel,Panel
ItemMouth3HarnessPanelGagStraps,Straps
ItemMouth3HarnessPanelGagMetal,Metal
ItemMouth3LipGagLips,Lips
ItemMouth3LipGagStraps,Straps
ItemMouth3LipGagRings,Rings
ItemMouth3MuzzleGagMuzzle,Muzzle
ItemMouth3MuzzleGagStraps,Straps
ItemMouth3CageMuzzleStrap,Straps
ItemMouth3CageMuzzleMuzzle,Cage
ItemMouth3GasMaskGagMask,Mask
ItemMouth3GasMaskGagSides,Sides
ItemMouth3GasMaskGagHighlights,Highlights
MaskFoxMaskUpper,Upper
MaskFoxMaskLower,Lower
MaskKittyMask3Highlights,Highlights
MaskKittyMask3Mask,Mask
ItemTorsoFuturisticHarnessBand,Straps
ItemTorsoFuturisticHarnessDisplay,Display
ItemTorsoFuturisticHarnessMesh,Module
ItemTorsoFuturisticHarnessLock,Lock
ItemBreastFuturisticBraBra,Body
ItemBreastFuturisticBraDisplay,Display
ItemBreastFuturisticBraMesh,Mesh
ItemBreastFuturisticBraLock,Lock
ItemBreastFuturisticBraText,Text
ItemBreastFuturisticBra2Bra,Body
ItemBreastFuturisticBra2Display,Display
ItemBreastFuturisticBra2Mesh,Mesh
ItemBreastFuturisticBra2Lock,Lock
ItemBreastFuturisticBra2Straps,Straps
ItemPelvisFuturisticChastityBeltScreen,Screen
ItemPelvisFuturisticChastityBeltMesh,Mesh
ItemPelvisFuturisticChastityBeltBelt,Belt
ItemPelvisFuturisticChastityBeltLock,Lock
ItemPelvisFuturisticChastityBelt2Screen,Screen
ItemPelvisFuturisticChastityBelt2Mesh,Mesh
ItemPelvisFuturisticChastityBelt2Belt,Belt
ItemPelvisFuturisticChastityBelt2Lock,Lock
ItemPelvisFuturisticChastityBelt2Band,Band
ItemPelvisFuturisticChastityBelt2Plug,Plug
ItemPelvisSciFiPleasurePantiesScreen,Interface
ItemPelvisSciFiPleasurePantiesMesh2,Panty Base
ItemPelvisSciFiPleasurePantiesMesh1,Wires
ItemPelvisSciFiPleasurePantiesBand,Metal Band
ItemPelvisSciFiPleasurePantiesPlug2,Clit Toy
ItemPelvisSciFiPleasurePantiesPlug1,Pussy Toy
SciFiPleasurePanties_Lock,Lock Icon
PantiesPilotPantiesLayer1,Suit
PantiesPilotPantiesLayer2,Highlights
PantiesPilotPantiesLayer3,Center
SuitLowerPilotSuitLayer1,Suit
SuitLowerPilotSuitLayer2,Highlights
SuitLowerPilotSuitLayer3,Center
SuitLowerPilotSuitLayer4,Underlayment
SuitPilotSuitLayer1,Suit
SuitPilotSuitLayer2,Highlights
SuitPilotSuitLayer3,Center
SuitPilotSuitLayer4,Arms
SuitPilotSuitFeet,Feet
CorsetCorset6Cloth,Cloth
CorsetCorset6Leather,Leather
CorsetCorset6Buttons,Buttons
ItemEarsHeadphonesDark,Dark
ItemEarsHeadphonesLight,Light
ItemHandsPaddedMittensGloves,Gloves
ItemHandsPaddedMittensStraps,Straps
ItemHandsPaddedMittensBuckles,Buckles
ItemHandsPawMittensGloves,Gloves
ItemHandsPawMittensStraps,Straps
ItemHandsPawMittensBuckles,Buckles
ItemHandsPawMittensPaws,Paws
ItemHeadBlackoutLensesLeft,Left Lens
ItemHeadBlackoutLensesRight,Right Lens
ItemHeadInteractiveVRHeadsetDisplay,Display
ItemHeadInteractiveVRHeadsetBody,Body
